Date,US10Y_Yield,US_CPI
2020-01-02,1.8819999694824219,25.968826293945312
2020-01-03,1.7879999876022339,26.013635635375977
2020-01-06,1.8109999895095825,26.010934829711914
2020-01-07,1.8270000219345093,26.01531219482422
2020-01-08,1.8739999532699585,26.005809783935547
2020-01-09,1.8580000400543213,26.001338958740234
2020-01-10,1.8250000476837158,26.005905151367188
2020-01-13,1.8480000495910645,26.02463150024414
2020-01-14,1.8179999589920044,26.04791831970215
2020-01-15,1.7879999876022339,26.066551208496094
2020-01-16,1.809000015258789,26.113128662109375
2020-01-17,1.8359999656677246,26.130367279052734
2020-01-21,1.7690000534057617,26.140052795410156
2020-01-22,1.7690000534057617,26.11779022216797
2020-01-23,1.7400000095367432,26.085186004638672
2020-01-24,1.680999994277954,26.075870513916016
2020-01-27,1.6050000190734863,26.005998611450195
2020-01-28,1.6410000324249268,26.050716400146484
2020-01-29,1.593999981880188,26.03729820251465
2020-01-30,1.5579999685287476,26.02928924560547
2020-01-31,1.5199999809265137,25.940784454345703
2020-02-03,1.5199999809265137,25.937522888183594
2020-02-04,1.6030000448226929,25.987646102905273
2020-02-05,1.6490000486373901,26.03441047668457
2020-02-06,1.6440000534057617,26.061891555786133
2020-02-07,1.5779999494552612,26.035995483398438
2020-02-10,1.5470000505447388,26.061891555786133
2020-02-11,1.590000033378601,26.087234497070312
2020-02-12,1.6299999952316284,26.15058135986328
2020-02-13,1.6169999837875366,26.16027069091797
2020-02-14,1.5880000591278076,26.187196731567383
2020-02-18,1.555999994277954,26.176294326782227
2020-02-19,1.5700000524520874,26.19232177734375
2020-02-20,1.524999976158142,26.192230224609375
2020-02-21,1.4709999561309814,26.161762237548828
2020-02-24,1.3769999742507935,26.06133270263672
2020-02-25,1.3300000429153442,25.886655807495117
2020-02-26,1.309999942779541,25.84836769104004
2020-02-27,1.2990000247955322,25.649188995361328
2020-02-28,1.1269999742507935,25.507585525512695
2020-03-02,1.0880000591278076,25.73256492614746
2020-03-03,1.0099999904632568,25.68701171875
2020-03-04,0.9919999837875366,25.854516983032227
2020-03-05,0.9259999990463257,25.729677200317383
2020-03-06,0.7059999704360962,25.639223098754883
2020-03-09,0.49900001287460327,25.158971786499023
2020-03-10,0.7480000257492065,25.14425277709961
2020-03-11,0.8199999928474426,25.15123748779297
2020-03-12,0.8489999771118164,24.788841247558594
2020-03-13,0.9509999752044678,25.024168014526367
2020-03-16,0.7279999852180481,24.217205047607422
2020-03-17,0.996999979019165,24.173419952392578
2020-03-18,1.2660000324249268,24.15208625793457
2020-03-19,1.11899995803833,24.301237106323242
2020-03-20,0.9380000233650208,24.00908660888672
2020-03-23,0.7639999985694885,23.909399032592773
2020-03-24,0.8159999847412109,24.116689682006836
2020-03-25,0.8579999804496765,24.276643753051758
2020-03-26,0.8109999895095825,24.507591247558594
2020-03-27,0.7490000128746033,24.451690673828125
2020-03-30,0.6700000166893005,24.5823974609375
2020-03-31,0.6980000138282776,24.533584594726562
2020-04-01,0.6349999904632568,24.21329116821289
2020-04-02,0.6269999742507935,24.017000198364258
2020-04-03,0.5870000123977661,24.269372940063477
2020-04-06,0.6759999990463257,24.622461318969727
2020-04-07,0.7360000014305115,24.646120071411133
2020-04-08,0.7639999985694885,24.825454711914062
2020-04-09,0.7289999723434448,24.944520950317383
2020-04-13,0.7490000128746033,24.71795082092285
2020-04-14,0.7519999742507935,24.864768981933594
2020-04-15,0.6380000114440918,24.878372192382812
2020-04-16,0.609000027179718,24.864768981933594
2020-04-17,0.6539999842643738,24.935754776000977
2020-04-20,0.6259999871253967,24.920665740966797
2020-04-21,0.5709999799728394,24.766765594482422
2020-04-22,0.6190000176429749,24.850234985351562
2020-04-23,0.6129999756813049,24.85545539855957
2020-04-24,0.5960000157356262,24.86467170715332
2020-04-27,0.656000018119812,24.96277618408203
2020-04-28,0.6100000143051147,24.939390182495117
2020-04-29,0.6269999742507935,25.021467208862305
2020-04-30,0.621999979019165,25.020814895629883
2020-05-01,0.6420000195503235,24.864206314086914
2020-05-04,0.6370000243186951,24.8754825592041
2020-05-05,0.6570000052452087,24.92840003967285
2020-05-06,0.7110000252723694,24.88777732849121
2020-05-07,0.6309999823570251,24.945634841918945
2020-05-08,0.6819999814033508,25.024822235107422
2020-05-11,0.7260000109672546,25.012615203857422
2020-05-12,0.6779999732971191,24.902408599853516
2020-05-13,0.6489999890327454,24.804216384887695
2020-05-14,0.6190000176429749,24.846324920654297
2020-05-15,0.6399999856948853,24.820053100585938
2020-05-18,0.7440000176429749,24.990257263183594
2020-05-19,0.7110000252723694,24.964359283447266
2020-05-20,0.6800000071525574,25.021190643310547
2020-05-21,0.6769999861717224,24.98587989807129
2020-05-22,0.6570000052452087,25.029016494750977
2020-05-26,0.6980000138282776,25.130281448364258
2020-05-27,0.6800000071525574,25.18301010131836
2020-05-28,0.7049999833106995,25.172300338745117
2020-05-29,0.6480000019073486,25.176856994628906
2020-06-01,0.6620000004768372,25.22353744506836
2020-06-02,0.6800000071525574,25.22829246520996
2020-06-03,0.7609999775886536,25.341569900512695
2020-06-04,0.8199999928474426,25.289953231811523
2020-06-05,0.9039999842643738,25.405197143554688
2020-06-08,0.8840000033378601,25.470317840576172
2020-06-09,0.8289999961853027,25.461002349853516
2020-06-10,0.7480000257492065,25.402685165405273
2020-06-11,0.652999997138977,25.221668243408203
2020-06-12,0.6990000009536743,25.30514144897461
2020-06-15,0.7020000219345093,25.316234588623047
2020-06-16,0.7559999823570251,25.34818458557129
2020-06-17,0.7329999804496765,25.3305721282959
2020-06-18,0.6940000057220459,25.316415786743164
2020-06-19,0.6970000267028809,25.301881790161133
2020-06-22,0.7039999961853027,25.302444458007812
2020-06-23,0.7089999914169312,25.288558959960938
2020-06-24,0.6840000152587891,25.266672134399414
2020-06-25,0.6740000247955322,25.24673080444336
2020-06-26,0.6359999775886536,25.23117446899414
2020-06-29,0.6359999775886536,25.2712345123291
2020-06-30,0.652999997138977,25.296573638916016
2020-07-01,0.6819999814033508,25.379953384399414
2020-07-02,0.6690000295639038,25.330856323242188
2020-07-06,0.6840000152587891,25.3305721282959
2020-07-07,0.6499999761581421,25.29210090637207
2020-07-08,0.652999997138977,25.324058532714844
2020-07-09,0.6050000190734863,25.291913986206055
2020-07-10,0.6330000162124634,25.293214797973633
2020-07-13,0.6399999856948853,25.270950317382812
2020-07-14,0.6150000095367432,25.288467407226562
2020-07-15,0.6299999952316284,25.3054256439209
2020-07-16,0.6119999885559082,25.283716201782227
2020-07-17,0.628000020980835,25.324987411499023
2020-07-20,0.6200000047683716,25.293590545654297
2020-07-21,0.6069999933242798,25.302629470825195
2020-07-22,0.5950000286102295,25.340171813964844
2020-07-23,0.5820000171661377,25.332630157470703
2020-07-24,0.5889999866485596,25.316320419311523
2020-07-27,0.609000027179718,25.341102600097656
2020-07-28,0.5809999704360962,25.377153396606445
2020-07-29,0.5789999961853027,25.445724487304688
2020-07-30,0.5410000085830688,25.434078216552734
2020-07-31,0.5360000133514404,25.42243194580078
2020-08-03,0.5630000233650208,25.40529441833496
2020-08-04,0.5149999856948853,25.446563720703125
2020-08-05,0.5429999828338623,25.428024291992188
2020-08-06,0.5360000133514404,25.432865142822266
2020-08-07,0.5619999766349792,25.4655704498291
2020-08-10,0.5740000009536743,25.470226287841797
2020-08-11,0.6579999923706055,25.419267654418945
2020-08-12,0.6700000166893005,25.44702911376953
2020-08-13,0.7160000205039978,25.413959503173828
2020-08-14,0.7089999914169312,25.414142608642578
2020-08-17,0.6830000281333923,25.43901824951172
2020-08-18,0.6690000295639038,25.426347732543945
2020-08-19,0.675000011920929,25.353490829467773
2020-08-20,0.6439999938011169,25.39103889465332
2020-08-21,0.6399999856948853,25.395692825317383
2020-08-24,0.6460000276565552,25.414331436157227
2020-08-25,0.6819999814033508,25.417497634887695
2020-08-26,0.6869999766349792,25.395788192749023
2020-08-27,0.7459999918937683,25.41908073425293
2020-08-28,0.7289999723434448,25.44693374633789
2020-08-31,0.6930000185966492,25.43975830078125
2020-09-01,0.671999990940094,25.44702911376953
2020-09-02,0.6510000228881836,25.470136642456055
2020-09-03,0.621999979019165,25.436410903930664
2020-09-04,0.7210000157356262,25.4144229888916
2020-09-08,0.6840000152587891,25.37166404724121
2020-09-09,0.703000009059906,25.424484252929688
2020-09-10,0.6850000023841858,25.361413955688477
2020-09-11,0.6690000295639038,25.358430862426758
2020-09-14,0.6710000038146973,25.437715530395508
2020-09-15,0.6790000200271606,25.457929611206055
2020-09-16,0.6869999766349792,25.48429298400879
2020-09-17,0.6840000152587891,25.44060516357422
2020-09-18,0.6940000057220459,25.372314453125
2020-09-21,0.6710000038146973,25.316692352294922
2020-09-22,0.6639999747276306,25.349308013916016
2020-09-23,0.6759999990463257,25.288558959960938
2020-09-24,0.6660000085830688,25.302349090576172
2020-09-25,0.6589999794960022,25.344741821289062
2020-09-28,0.6629999876022339,25.39504623413086
2020-09-29,0.6449999809265137,25.380693435668945
2020-09-30,0.6769999861717224,25.385541915893555
2020-10-01,0.6769999861717224,25.42728042602539
2020-10-02,0.6959999799728394,25.456159591674805
2020-10-05,0.7620000243186951,25.4655704498291
2020-10-06,0.7419999837875366,25.45271110534668
2020-10-07,0.7850000262260437,25.468830108642578
2020-10-08,0.7649999856948853,25.50283432006836
2020-10-09,0.7749999761581421,25.502742767333984
2020-10-12,0.7770000100135803,25.530595779418945
2020-10-13,0.7269999980926514,25.493419647216797
2020-10-14,0.722000002861023,25.470317840576172
2020-10-15,0.7310000061988831,25.474695205688477
2020-10-16,0.7440000176429749,25.47963523864746
2020-10-19,0.7609999775886536,25.414331436157227
2020-10-20,0.796999990940094,25.428491592407227
2020-10-21,0.8159999847412109,25.421411514282227
2020-10-22,0.8479999899864197,25.278032302856445
2020-10-23,0.8410000205039978,25.43277359008789
2020-10-26,0.8009999990463257,25.404176712036133
2020-10-27,0.777999997138977,25.379207611083984
2020-10-28,0.781000018119812,25.304956436157227
2020-10-29,0.8349999785423279,25.334678649902344
2020-10-30,0.8600000143051147,25.285768508911133
2020-11-02,0.8489999771118164,25.345203399658203
2020-11-03,0.8820000290870667,25.399608612060547
2020-11-04,0.7680000066757202,25.450754165649414
2020-11-05,0.7760000228881836,25.46565818786621
2020-11-06,0.8199999928474426,25.442649841308594
2020-11-09,0.9580000042915344,25.48895263671875
2020-11-10,0.972000002861023,25.527143478393555
2020-11-11,0.9580000042915344,25.540287017822266
2020-11-12,0.8849999904632568,25.52286148071289
2020-11-13,0.8930000066757202,25.578855514526367
2020-11-16,0.906000018119812,25.601118087768555
2020-11-17,0.871999979019165,25.614809036254883
2020-11-18,0.8820000290870667,25.586397171020508
2020-11-19,0.8539999723434448,25.596271514892578
2020-11-20,0.8289999961853027,25.595718383789062
2020-11-23,0.8569999933242798,25.595718383789062
2020-11-24,0.8820000290870667,25.60148811340332
2020-11-25,0.878000020980835,25.605119705200195
2020-11-27,0.8420000076293945,25.61471939086914
2020-11-30,0.843999981880188,25.594505310058594
2020-12-01,0.9340000152587891,25.605119705200195
2020-12-02,0.9480000138282776,25.591428756713867
2020-12-03,0.9200000166893005,25.614999771118164
2020-12-04,0.968999981880188,25.628507614135742
2020-12-07,0.9279999732971191,25.623477935791016
2020-12-08,0.9129999876022339,25.63325309753418
2020-12-09,0.9409999847412109,25.6052188873291
2020-12-10,0.9079999923706055,25.55938148498535
2020-12-11,0.8930000066757202,25.600744247436523
2020-12-14,0.8920000195503235,25.602697372436523
2020-12-15,0.9229999780654907,25.6326961517334
2020-12-16,0.9200000166893005,25.648818969726562
2020-12-17,0.9300000071525574,25.656455993652344
2020-12-18,0.9480000138282776,25.642484664916992
2020-12-21,0.9409999847412109,25.623943328857422
2020-12-22,0.9179999828338623,25.631025314331055
2020-12-23,0.9549999833106995,25.63698387145996
2020-12-24,0.9279999732971191,25.642484664916992
2020-12-28,0.9330000281333923,25.661020278930664
2020-12-29,0.9350000023841858,25.656455993652344
2020-12-30,0.9259999990463257,25.660545349121094
2020-12-31,0.9169999957084656,25.68190574645996
2021-01-04,0.9169999957084656,25.665157318115234
2021-01-05,0.9549999833106995,25.669960021972656
2021-01-06,1.0420000553131104,25.650856018066406
2021-01-07,1.0709999799728394,25.679555892944336
2021-01-08,1.1050000190734863,25.660266876220703
2021-01-11,1.1319999694824219,25.623384475708008
2021-01-12,1.1380000114440918,25.616331100463867
2021-01-13,1.0880000591278076,25.59845542907715
2021-01-14,1.128999948501587,25.584060668945312
2021-01-15,1.097000002861023,25.60870933532715
2021-01-19,1.0920000076293945,25.674758911132812
2021-01-20,1.090000033378601,25.631473541259766
2021-01-21,1.1089999675750732,25.683971405029297
2021-01-22,1.090999960899353,25.606075286865234
2021-01-25,1.0399999618530273,25.697994232177734
2021-01-26,1.0399999618530273,25.69347381591797
2021-01-27,1.0140000581741333,25.59027099609375
2021-01-28,1.0570000410079956,25.64398765563965
2021-01-29,1.093000054359436,25.460811614990234
2021-02-01,1.0770000219345093,25.61482810974121
2021-02-02,1.1050000190734863,25.484052658081055
2021-02-03,1.13100004196167,25.599395751953125
2021-02-04,1.1390000581741333,25.63712501525879
2021-02-05,1.1699999570846558,25.665348052978516
2021-02-08,1.159999966621399,25.60579490661621
2021-02-09,1.156999945640564,25.71690559387207
2021-02-10,1.1330000162124634,25.71380043029785
2021-02-11,1.1579999923706055,25.726781845092773
2021-02-12,1.2000000476837158,25.72612190246582
2021-02-16,1.2990000247955322,25.68115234375
2021-02-17,1.3009999990463257,25.67691421508789
2021-02-18,1.2869999408721924,25.68021011352539
2021-02-19,1.3450000286102295,25.660451889038086
2021-02-22,1.3700000047683716,25.68416404724121
2021-02-23,1.3619999885559082,25.670143127441406
2021-02-24,1.3890000581741333,25.672683715820312
2021-02-25,1.5180000066757202,25.595252990722656
2021-02-26,1.4600000381469727,25.586130142211914
2021-03-01,1.4459999799728394,25.60616683959961
2021-03-02,1.4149999618530273,25.599489212036133
2021-03-03,1.4700000286102295,25.564491271972656
2021-03-04,1.5499999523162842,25.516225814819336
2021-03-05,1.5540000200271606,25.54294204711914
2021-03-08,1.5959999561309814,25.552640914916992
2021-03-09,1.5460000038146973,25.55254364013672
2021-03-10,1.5199999809265137,25.566938400268555
2021-03-11,1.5269999504089355,25.58086395263672
2021-03-12,1.6349999904632568,25.559219360351562
2021-03-15,1.6069999933242798,25.561857223510742
2021-03-16,1.621000051498413,25.568349838256836
2021-03-17,1.6410000324249268,25.570512771606445
2021-03-18,1.7300000190734863,25.53805160522461
2021-03-19,1.7319999933242798,25.5367374420166
2021-03-22,1.684000015258789,25.556873321533203
2021-03-23,1.6380000114440918,25.559314727783203
2021-03-24,1.6139999628067017,25.55254364013672
2021-03-25,1.6139999628067017,25.53899383544922
2021-03-26,1.659999966621399,25.55301284790039
2021-03-29,1.7209999561309814,25.538148880004883
2021-03-30,1.7259999513626099,25.5219669342041
2021-03-31,1.746000051498413,25.52074432373047
2021-04-01,1.6790000200271606,25.538427352905273
2021-04-05,1.7200000286102295,25.583118438720703
2021-04-06,1.656000018119812,25.596290588378906
2021-04-07,1.652999997138977,25.600994110107422
2021-04-08,1.6319999694824219,25.629314422607422
2021-04-09,1.6660000085830688,25.63364028930664
2021-04-12,1.6749999523162842,25.638437271118164
2021-04-13,1.6230000257492065,25.665063858032227
2021-04-14,1.6380000114440918,25.653398513793945
2021-04-15,1.5299999713897705,25.70354461669922
2021-04-16,1.5729999542236328,25.682754516601562
2021-04-19,1.6009999513626099,25.693195343017578
2021-04-20,1.562000036239624,25.68482208251953
2021-04-21,1.5640000104904175,25.7028865814209
2021-04-22,1.5540000200271606,25.68585205078125
2021-04-23,1.5670000314712524,25.71370506286621
2021-04-26,1.5700000524520874,25.712200164794922
2021-04-27,1.621999979019165,25.701099395751953
2021-04-28,1.6200000047683716,25.703638076782227
2021-04-29,1.6399999856948853,25.707870483398438
2021-04-30,1.63100004196167,25.68453598022461
2021-05-03,1.6069999933242798,25.698179244995117
2021-05-04,1.5920000076293945,25.677766799926758
2021-05-05,1.5839999914169312,25.699684143066406
2021-05-06,1.5609999895095825,25.71661949157715
2021-05-07,1.5770000219345093,25.74512481689453
2021-05-10,1.6019999980926514,25.714550018310547
2021-05-11,1.6239999532699585,25.694231033325195
2021-05-12,1.6950000524520874,25.634302139282227
2021-05-13,1.6679999828338623,25.6573486328125
2021-05-14,1.6349999904632568,25.68416404724121
2021-05-17,1.6399999856948853,25.68886947631836
2021-05-18,1.6419999599456787,25.688961029052734
2021-05-19,1.6829999685287476,25.6606388092041
2021-05-20,1.6339999437332153,25.702980041503906
2021-05-21,1.6319999694824219,25.698179244995117
2021-05-24,1.6080000400543213,25.72640609741211
2021-05-25,1.5640000104904175,25.731201171875
2021-05-26,1.5740000009536743,25.72687530517578
2021-05-27,1.6100000143051147,25.729604721069336
2021-05-28,1.5809999704360962,25.73600196838379
2021-06-01,1.6150000095367432,25.735811233520508
2021-06-02,1.590999960899353,25.739578247070312
2021-06-03,1.625,25.69846534729004
2021-06-04,1.559999942779541,25.760835647583008
2021-06-07,1.569000005722046,25.764036178588867
2021-06-08,1.527999997138977,25.755102157592773
2021-06-09,1.4889999628067017,25.777023315429688
2021-06-10,1.4589999914169312,25.792926788330078
2021-06-11,1.4620000123977661,25.783039093017578
2021-06-14,1.5010000467300415,25.754722595214844
2021-06-15,1.4989999532699585,25.75971031188965
2021-06-16,1.569000005722046,25.69356918334961
2021-06-17,1.5110000371932983,25.735811233520508
2021-06-18,1.4500000476837158,25.69356918334961
2021-06-21,1.4839999675750732,25.707687377929688
2021-06-22,1.472000002861023,25.71708869934082
2021-06-23,1.4869999885559082,25.745315551757812
2021-06-24,1.4869999885559082,25.748798370361328
2021-06-25,1.5360000133514404,25.7455997467041
2021-06-28,1.4780000448226929,25.77334976196289
2021-06-29,1.4800000190734863,25.806467056274414
2021-06-30,1.4429999589920044,25.773540496826172
2021-07-01,1.4800000190734863,25.754722595214844
2021-07-02,1.430999994277954,25.81587791442871
2021-07-06,1.3700000047683716,25.81117057800293
2021-07-07,1.3209999799728394,25.829519271850586
2021-07-08,1.2879999876022339,25.82518768310547
2021-07-09,1.3559999465942383,25.859527587890625
2021-07-12,1.3630000352859497,25.829896926879883
2021-07-13,1.4149999618530273,25.796964645385742
2021-07-14,1.3559999465942383,25.830459594726562
2021-07-15,1.2970000505447388,25.850873947143555
2021-07-16,1.2999999523162842,25.81964111328125
2021-07-19,1.180999994277954,25.789630889892578
2021-07-20,1.2089999914169312,25.813241958618164
2021-07-21,1.2799999713897705,25.798471450805664
2021-07-22,1.2649999856948853,25.84870719909668
2021-07-23,1.2860000133514404,25.86432456970215
2021-07-26,1.2760000228881836,25.858217239379883
2021-07-27,1.2339999675750732,25.871950149536133
2021-07-28,1.2610000371932983,25.880508422851562
2021-07-29,1.2690000534057617,25.895280838012695
2021-07-30,1.2389999628067017,25.88154411315918
2021-08-02,1.1740000247955322,25.900550842285156
2021-08-03,1.1759999990463257,25.924163818359375
2021-08-04,1.184000015258789,25.89151382446289
2021-08-05,1.2170000076293945,25.88643455505371
2021-08-06,1.2899999618530273,25.82528305053711
2021-08-09,1.3170000314712524,25.844100952148438
2021-08-10,1.3420000076293945,25.839399337768555
2021-08-11,1.3289999961853027,25.858308792114258
2021-08-12,1.3669999837875366,25.86301040649414
2021-08-13,1.2970000505447388,25.891803741455078
2021-08-16,1.2569999694824219,25.893491744995117
2021-08-17,1.2580000162124634,25.88530731201172
2021-08-18,1.2730000019073486,25.778244018554688
2021-08-19,1.2419999837875366,25.76544761657715
2021-08-20,1.2599999904632568,25.68416404724121
2021-08-23,1.2549999952316284,25.90525245666504
2021-08-24,1.2899999618530273,25.90525245666504
2021-08-25,1.3420000076293945,25.881736755371094
2021-08-26,1.3420000076293945,25.881736755371094
2021-08-27,1.312000036239624,25.924070358276367
2021-08-30,1.284999966621399,25.941097259521484
2021-08-31,1.3040000200271606,25.93357276916504
2021-09-01,1.3020000457763672,25.92792320251465
2021-09-02,1.2940000295639038,25.9466495513916
2021-09-03,1.3220000267028809,25.949092864990234
2021-09-07,1.3700000047683716,25.906005859375
2021-09-08,1.3339999914169312,25.914756774902344
2021-09-09,1.2990000247955322,25.93347930908203
2021-09-10,1.340999960899353,25.814746856689453
2021-09-13,1.3240000009536743,25.89113998413086
2021-09-14,1.2769999504089355,25.82857322692871
2021-09-15,1.3040000200271606,25.873268127441406
2021-09-16,1.3309999704360962,25.924163818359375
2021-09-17,1.3700000047683716,25.884368896484375
2021-09-20,1.309000015258789,25.858686447143555
2021-09-21,1.3240000009536743,25.88643455505371
2021-09-22,1.3359999656677246,25.89612579345703
2021-09-23,1.409999966621399,25.88239097595215
2021-09-24,1.4600000381469727,25.88559341430664
2021-09-27,1.4839999675750732,25.806467056274414
2021-09-28,1.534000039100647,25.794334411621094
2021-09-29,1.5410000085830688,25.812768936157227
2021-09-30,1.5290000438690186,25.83949089050293
2021-10-01,1.4789999723434448,25.872512817382812
2021-10-04,1.4809999465942383,25.850683212280273
2021-10-05,1.5290000438690186,25.877029418945312
2021-10-06,1.5240000486373901,25.840898513793945
2021-10-07,1.5709999799728394,25.88860321044922
2021-10-08,1.6050000190734863,25.83356285095215
2021-10-11,1.6139999628067017,25.829992294311523
2021-10-12,1.5800000429153442,25.859718322753906
2021-10-13,1.5490000247955322,25.878440856933594
2021-10-14,1.5190000534057617,25.914005279541016
2021-10-15,1.5759999752044678,25.72179412841797
2021-10-18,1.5839999914169312,25.881736755371094
2021-10-19,1.6349999904632568,25.880229949951172
2021-10-20,1.6360000371932983,25.85567283630371
2021-10-21,1.6759999990463257,25.93347930908203
2021-10-22,1.6549999713897705,25.971393585205078
2021-10-25,1.6349999904632568,25.980897903442383
2021-10-26,1.61899995803833,25.98503303527832
2021-10-27,1.5290000438690186,25.989927291870117
2021-10-28,1.5679999589920044,26.013914108276367
2021-10-29,1.5570000410079956,26.004505157470703
2021-11-01,1.5750000476837158,25.999711990356445
2021-11-02,1.5490000247955322,26.02285385131836
2021-11-03,1.5789999961853027,25.999427795410156
2021-11-04,1.5240000486373901,26.036970138549805
2021-11-05,1.4529999494552612,26.086265563964844
2021-11-08,1.496999979019165,26.098215103149414
2021-11-09,1.4320000410079956,26.112422943115234
2021-11-10,1.559999942779541,26.04619026184082
2021-11-11,1.559999942779541,26.023141860961914
2021-11-12,1.5820000171661377,26.05107879638672
2021-11-15,1.6230000257492065,26.018247604370117
2021-11-16,1.6339999437332153,25.99049186706543
2021-11-17,1.6039999723434448,26.008745193481445
2021-11-18,1.5889999866485596,26.02756118774414
2021-11-19,1.5360000133514404,26.020689010620117
2021-11-22,1.625,25.96640968322754
2021-11-23,1.6670000553131104,25.999332427978516
2021-11-24,1.6449999809265137,25.994535446166992
2021-11-26,1.4819999933242798,25.930561065673828
2021-11-29,1.5299999713897705,25.953704833984375
2021-11-30,1.4429999589920044,25.909957885742188
2021-12-01,1.434000015258789,25.865928649902344
2021-12-02,1.4479999542236328,25.91485023498535
2021-12-03,1.343000054359436,25.895187377929688
2021-12-06,1.434000015258789,25.9466495513916
2021-12-07,1.4800000190734863,25.94476890563965
2021-12-08,1.5089999437332153,25.982778549194336
2021-12-09,1.4869999885559082,25.947589874267578
2021-12-10,1.4889999628067017,26.041481018066406
2021-12-13,1.4240000247955322,25.952293395996094
2021-12-14,1.437999963760376,25.95699691772461
2021-12-15,1.4630000591278076,25.971105575561523
2021-12-16,1.4220000505447388,25.9503173828125
2021-12-17,1.4019999504089355,25.92247200012207
2021-12-20,1.4190000295639038,25.906190872192383
2021-12-21,1.4869999885559082,25.92021369934082
2021-12-22,1.4570000171661377,25.970449447631836
2021-12-23,1.4930000305175781,26.018150329589844
2021-12-27,1.4809999465942383,26.040447235107422
2021-12-28,1.4809999465942383,26.05399513244629
2021-12-29,1.5429999828338623,26.04230499267578
2021-12-30,1.5149999856948853,26.087541580200195
2021-12-31,1.5119999647140503,26.01671028137207
2022-01-03,1.628000020980835,25.98998260498047
2022-01-04,1.6679999828338623,26.04230499267578
2022-01-05,1.7050000429153442,25.931148529052734
2022-01-06,1.7330000400543213,25.937097549438477
2022-01-07,1.7710000276565552,25.93842124938965
2022-01-10,1.7799999713897705,25.921985626220703
2022-01-11,1.746000051498413,25.98771858215332
2022-01-12,1.725000023841858,26.004623413085938
2022-01-13,1.7109999656677246,25.96202850341797
2022-01-14,1.7719999551773071,25.9903621673584
2022-01-18,1.8650000095367432,25.90989875793457
2022-01-19,1.8270000219345093,25.918869018554688
2022-01-20,1.8329999446868896,25.89119529724121
2022-01-21,1.746999979019165,25.8673038482666
2022-01-24,1.7350000143051147,25.84341049194336
2022-01-25,1.7829999923706055,25.831890106201172
2022-01-26,1.8480000495910645,25.802894592285156
2022-01-27,1.8070000410079956,25.792125701904297
2022-01-28,1.781999945640564,25.820932388305664
2022-01-31,1.781999945640564,25.828676223754883
2022-02-01,1.7999999523162842,25.82036781311035
2022-02-02,1.7660000324249268,25.900644302368164
2022-02-03,1.8270000219345093,25.77314567565918
2022-02-04,1.9299999475479126,25.811208724975586
2022-02-07,1.9160000085830688,25.816118240356445
2022-02-08,1.9539999961853027,25.75897789001465
2022-02-09,1.9290000200271606,25.886472702026367
2022-02-10,2.0309998989105225,25.820932388305664
2022-02-11,1.9550000429153442,25.84870147705078
2022-02-14,1.996000051498413,25.8109188079834
2022-02-15,2.0450000762939453,25.83812141418457
2022-02-16,2.046999931335449,25.840578079223633
2022-02-17,1.972000002861023,25.856821060180664
2022-02-18,1.9320000410079956,25.843976974487305
2022-02-22,1.9479999542236328,25.80147933959961
2022-02-23,1.9769999980926514,25.792030334472656
2022-02-24,1.968999981880188,25.806669235229492
2022-02-25,1.9859999418258667,25.834909439086914
2022-02-28,1.8389999866485596,25.84870147705078
2022-03-01,1.7070000171661377,25.999805450439453
2022-03-02,1.8650000095367432,26.38559913635254
2022-03-03,1.843999981880188,26.1130428314209
2022-03-04,1.7239999771118164,26.23591423034668
2022-03-07,1.7510000467300415,26.538124084472656
2022-03-08,1.871999979019165,26.302019119262695
2022-03-09,1.9479999542236328,26.066007614135742
2022-03-10,2.010999917984009,25.971473693847656
2022-03-11,2.003999948501587,26.009538650512695
2022-03-14,2.140000104904175,25.773242950439453
2022-03-15,2.1600000858306885,25.749629974365234
2022-03-16,2.187999963760376,25.79703712463379
2022-03-17,2.191999912261963,26.185195922851562
2022-03-18,2.1480000019073486,26.2833194732666
2022-03-21,2.315000057220459,26.275856018066406
2022-03-22,2.372999906539917,26.312593460083008
2022-03-23,2.321000099182129,26.44386863708496
2022-03-24,2.3410000801086426,26.479570388793945
2022-03-25,2.492000102996826,26.490901947021484
2022-03-28,2.4769999980926514,26.333187103271484
2022-03-29,2.4000000953674316,26.396459579467773
2022-03-30,2.3580000400543213,26.444061279296875
2022-03-31,2.3269999027252197,26.24393653869629
2022-04-01,2.377000093460083,26.131250381469727
2022-04-04,2.4119999408721924,26.2795352935791
2022-04-05,2.555999994277954,26.07525634765625
2022-04-06,2.6089999675750732,25.923566818237305
2022-04-07,2.6519999504089355,25.978052139282227
2022-04-08,2.7130000591278076,26.007041931152344
2022-04-11,2.7799999713897705,25.854211807250977
2022-04-12,2.7249999046325684,25.934467315673828
2022-04-13,2.687000036239624,26.07440948486328
2022-04-14,2.828000068664551,26.00808334350586
2022-04-18,2.861999988555908,26.012062072753906
2022-04-19,2.9130001068115234,26.02703285217285
2022-04-20,2.8399999141693115,26.10283088684082
2022-04-21,2.9170000553131104,26.00846290588379
2022-04-22,2.9059998989105225,25.71986198425293
2022-04-25,2.8259999752044678,25.685941696166992
2022-04-26,2.7720000743865967,25.61014747619629
2022-04-27,2.818000078201294,25.515396118164062
2022-04-28,2.86299991607666,25.831192016601562
2022-04-29,2.88700008392334,25.47551155090332
2022-05-02,2.996000051498413,25.38311195373535
2022-05-03,2.9600000381469727,25.422176361083984
2022-05-04,2.9170000553131104,25.757089614868164
2022-05-05,3.065999984741211,25.391952514648438
2022-05-06,3.122999906539917,25.363914489746094
2022-05-09,3.0789999961853027,24.94251823425293
2022-05-10,2.993000030517578,24.867061614990234
2022-05-11,2.9210000038146973,24.953737258911133
2022-05-12,2.816999912261963,24.929019927978516
2022-05-13,2.934999942779541,25.185819625854492
2022-05-16,2.877000093460083,25.213659286499023
2022-05-17,2.9679999351501465,25.283891677856445
2022-05-18,2.885999917984009,25.00647735595703
2022-05-19,2.8550000190734863,24.961626052856445
2022-05-20,2.7869999408721924,24.94109535217285
2022-05-23,2.8589999675750732,25.079378128051758
2022-05-24,2.759999990463257,25.10702896118164
2022-05-25,2.749000072479248,25.20928955078125
2022-05-26,2.75600004196167,25.41998863220215
2022-05-27,2.743000030517578,25.64113998413086
2022-05-31,2.8440001010894775,25.493261337280273
2022-06-01,2.930999994277954,25.453449249267578
2022-06-02,2.9130001068115234,25.664091110229492
2022-06-03,2.9570000171661377,25.63711929321289
2022-06-06,3.0380001068115234,25.600996017456055
2022-06-07,2.9719998836517334,25.73462677001953
2022-06-08,3.0290000438690186,25.663137435913086
2022-06-09,3.0439999103546143,25.484996795654297
2022-06-10,3.1559998989105225,25.20591926574707
2022-06-13,3.365999937057495,24.686180114746094
2022-06-14,3.4830000400543213,24.461145401000977
2022-06-15,3.3949999809265137,24.70905303955078
2022-06-16,3.306999921798706,24.445892333984375
2022-06-17,3.239000082015991,24.35401153564453
2022-06-21,3.306999921798706,24.49764633178711
2022-06-22,3.1559998989105225,24.46809959411621
2022-06-23,3.068000078201294,24.570755004882812
2022-06-24,3.125,24.79102325439453
2022-06-27,3.194000005722046,24.723730087280273
2022-06-28,3.2060000896453857,24.6058292388916
2022-06-29,3.0929999351501465,24.527952194213867
2022-06-30,2.9719998836517334,24.36210823059082
2022-07-01,2.8889999389648438,24.56761360168457
2022-07-05,2.809000015258789,24.424053192138672
2022-07-06,2.9130001068115234,24.290063858032227
2022-07-07,3.007999897003174,24.5006160736084
2022-07-08,3.1010000705718994,24.538227081298828
2022-07-11,2.990999937057495,24.455158233642578
2022-07-12,2.9579999446868896,24.24221420288086
2022-07-13,2.9040000438690186,24.2684383392334
2022-07-14,2.9600000381469727,24.193021774291992
2022-07-15,2.930000066757202,24.31877899169922
2022-07-18,2.9600000381469727,24.3619384765625
2022-07-19,3.0190000534057617,24.61173439025879
2022-07-20,3.0360000133514404,24.615463256835938
2022-07-21,2.9100000858306885,24.692028045654297
2022-07-22,2.7829999923706055,24.711170196533203
2022-07-25,2.819999933242798,24.739883422851562
2022-07-26,2.7869999408721924,24.682458877563477
2022-07-27,2.7339999675750732,24.97914695739746
2022-07-28,2.680999994277954,25.07819938659668
2022-07-29,2.6419999599456787,25.29497718811035
2022-08-01,2.6059999465942383,25.233728408813477
2022-08-02,2.740999937057495,25.064544677734375
2022-08-03,2.747999906539917,25.224506378173828
2022-08-04,2.6760001182556152,25.190303802490234
2022-08-05,2.8399999141693115,25.058303833007812
2022-08-08,2.765000104904175,25.160907745361328
2022-08-09,2.796999931335449,25.130550384521484
2022-08-10,2.7860000133514404,25.309144973754883
2022-08-11,2.888000011444092,25.341426849365234
2022-08-12,2.8489999771118164,25.494754791259766
2022-08-15,2.7909998893737793,25.46919822692871
2022-08-16,2.8239998817443848,25.468332290649414
2022-08-17,2.8929998874664307,25.276193618774414
2022-08-18,2.880000114440918,25.45392608642578
2022-08-19,2.989000082015991,25.314619064331055
2022-08-22,3.0369999408721924,25.151302337646484
2022-08-23,3.053999900817871,25.160907745361328
2022-08-24,3.1059999465942383,25.305011749267578
2022-08-25,3.0260000228881836,25.36265754699707
2022-08-26,3.0350000858306885,25.17051124572754
2022-08-29,3.109999895095825,25.135061264038086
2022-08-30,3.109999895095825,24.930339813232422
2022-08-31,3.132999897003174,24.69016456604004
2022-09-01,3.265000104904175,24.555519104003906
2022-09-02,3.193000078201294,24.554067611694336
2022-09-06,3.3399999141693115,24.49322509765625
2022-09-07,3.265000104904175,24.59575653076172
2022-09-08,3.2920000553131104,24.500383377075195
2022-09-09,3.321000099182129,24.800722122192383
2022-09-12,3.361999988555908,24.83941078186035
2022-09-13,3.421999931335449,24.521665573120117
2022-09-14,3.4119999408721924,24.56460952758789
2022-09-15,3.4590001106262207,24.384798049926758
2022-09-16,3.447999954223633,24.284778594970703
2022-09-19,3.490000009536743,24.25450325012207
2022-09-20,3.571000099182129,24.162517547607422
2022-09-21,3.509999990463257,24.025938034057617
2022-09-22,3.7079999446868896,23.816526412963867
2022-09-23,3.697000026702881,23.567455291748047
2022-09-26,3.878000020980835,23.24671173095703
2022-09-27,3.9639999866485596,23.2299747467041
2022-09-28,3.7049999237060547,23.6110782623291
2022-09-29,3.746999979019165,23.32467269897461
2022-09-30,3.803999900817871,23.136926651000977
2022-10-03,3.6510000228881836,23.432037353515625
2022-10-04,3.617000102996826,23.861310958862305
2022-10-05,3.759000062942505,23.78508758544922
2022-10-06,3.8259999752044678,23.74891471862793
2022-10-07,3.882999897003174,23.57567596435547
2022-10-10,3.888000011444092,23.490747451782227
2022-10-11,3.938999891281128,23.37883758544922
2022-10-12,3.9019999504089355,23.390832901000977
2022-10-13,3.9519999027252197,23.60198402404785
2022-10-14,4.010000228881836,23.40785789489746
2022-10-17,4.014999866485596,23.582256317138672
2022-10-18,3.997999906539917,23.609533309936523
2022-10-19,4.126999855041504,23.514253616333008
2022-10-20,4.22599983215332,23.4708251953125
2022-10-21,4.2129998207092285,23.66408348083496
2022-10-24,4.234000205993652,23.781126022338867
2022-10-25,4.107999801635742,23.928922653198242
2022-10-26,4.014999866485596,23.940141677856445
2022-10-27,3.937000036239624,23.989858627319336
2022-10-28,4.010000228881836,24.11386489868164
2022-10-31,4.077000141143799,24.036680221557617
2022-11-01,4.052000045776367,24.065593719482422
2022-11-02,4.059000015258789,23.846994400024414
2022-11-03,4.124000072479248,23.73063850402832
2022-11-04,4.156000137329102,23.923891067504883
2022-11-07,4.214000225067139,23.993051528930664
2022-11-08,4.125999927520752,24.015878677368164
2022-11-09,4.151000022888184,23.77541732788086
2022-11-10,3.8289999961853027,24.332271575927734
2022-11-11,3.812999963760376,24.444185256958008
2022-11-14,3.865000009536743,24.290002822875977
2022-11-15,3.7990000247955322,24.415653228759766
2022-11-16,3.691999912261963,24.331403732299805
2022-11-17,3.7750000953674316,24.150814056396484
2022-11-18,3.818000078201294,24.167160034179688
2022-11-21,3.825000047683716,24.181669235229492
2022-11-22,3.757999897003174,24.341270446777344
2022-11-23,3.7060000896453857,24.38963508605957
2022-11-25,3.690999984741211,24.379959106445312
2022-11-28,3.703000068664551,24.191537857055664
2022-11-29,3.747999906539917,24.20101547241211
2022-11-30,3.703000068664551,24.58066749572754
2022-12-01,3.5290000438690186,24.689289093017578
2022-12-02,3.50600004196167,24.744327545166016
2022-12-05,3.5989999771118164,24.428319931030273
2022-12-06,3.513000011444092,24.26872444152832
2022-12-07,3.4079999923706055,24.270172119140625
2022-12-08,3.490999937057495,24.312252044677734
2022-12-09,3.566999912261963,24.196178436279297
2022-12-12,3.6110000610351562,24.322696685791016
2022-12-13,3.500999927520752,24.457536697387695
2022-12-14,3.503000020980835,24.417678833007812
2022-12-15,3.450000047683716,24.20101547241211
2022-12-16,3.4820001125335693,24.069852828979492
2022-12-19,3.5810000896453857,23.95929527282715
2022-12-20,3.684000015258789,23.988405227661133
2022-12-21,3.684000015258789,24.13340187072754
2022-12-22,3.6689999103546143,23.993051528930664
2022-12-23,3.750999927520752,24.049152374267578
2022-12-27,3.859999895095825,24.055925369262695
2022-12-28,3.88700008392334,23.924283981323242
2022-12-29,3.8350000381469727,24.054546356201172
2022-12-30,3.878999948501587,24.032020568847656
2023-01-03,3.7929999828338623,23.968639373779297
2023-01-04,3.7090001106262207,23.937335968017578
2023-01-05,3.7200000286102295,23.87600326538086
2023-01-06,3.569000005722046,24.137727737426758
2023-01-09,3.5169999599456787,24.19291877746582
2023-01-10,3.621000051498413,24.18316650390625
2023-01-11,3.553999900817871,24.33421516418457
2023-01-12,3.4489998817443848,24.49032974243164
2023-01-13,3.510999917984009,24.485458374023438
2023-01-17,3.5350000858306885,24.461076736450195
2023-01-18,3.375,24.3879451751709
2023-01-19,3.3970000743865967,24.339183807373047
2023-01-20,3.4839999675750732,24.482337951660156
2023-01-23,3.5250000953674316,24.57321548461914
2023-01-24,3.4690001010894775,24.597597122192383
2023-01-25,3.4619998931884766,24.61260986328125
2023-01-26,3.493000030517578,24.719486236572266
2023-01-27,3.5179998874664307,24.702617645263672
2023-01-30,3.5510001182556152,24.526508331298828
2023-01-31,3.5290000438690186,24.652498245239258
2023-02-01,3.3970000743865967,24.740629196166992
2023-02-02,3.3959999084472656,24.78952980041504
2023-02-03,3.5320000648498535,24.5692081451416
2023-02-06,3.634000062942505,24.514251708984375
2023-02-07,3.6740000247955322,24.694965362548828
2023-02-08,3.6530001163482666,24.672178268432617
2023-02-09,3.683000087738037,24.535667419433594
2023-02-10,3.74399995803833,24.569501876831055
2023-02-13,3.7170000076293945,24.66240119934082
2023-02-14,3.760999917984009,24.63511848449707
2023-02-15,3.809000015258789,24.642845153808594
2023-02-16,3.8429999351501465,24.51679039001465
2023-02-17,3.828000068664551,24.481590270996094
2023-02-21,3.9549999237060547,24.305469512939453
2023-02-22,3.9230000972747803,24.232128143310547
2023-02-23,3.878999948501587,24.320528030395508
2023-02-24,3.9489998817443848,24.168567657470703
2023-02-27,3.921999931335449,24.23222541809082
2023-02-28,3.9159998893737793,24.254230499267578
2023-03-01,3.99399995803833,24.22723960876465
2023-03-02,4.072999954223633,24.291095733642578
2023-03-03,3.9639999866485596,24.520606994628906
2023-03-06,3.9830000400543213,24.501049041748047
2023-03-07,3.9749999046325684,24.301950454711914
2023-03-08,3.9760000705718994,24.16524314880371
2023-03-09,3.924999952316284,24.095224380493164
2023-03-10,3.694999933242798,24.078304290771484
2023-03-13,3.515000104904175,24.08818244934082
2023-03-14,3.638000011444092,24.167882919311523
2023-03-15,3.492000102996826,24.184602737426758
2023-03-16,3.5850000381469727,24.211200714111328
2023-03-17,3.3949999809265137,24.096981048583984
2023-03-20,3.4809999465942383,24.2088565826416
2023-03-21,3.6059999465942383,24.295005798339844
2023-03-22,3.5,24.348203659057617
2023-03-23,3.4059998989105225,24.310359954833984
2023-03-24,3.380000114440918,24.346834182739258
2023-03-27,3.5280001163482666,24.354459762573242
2023-03-28,3.563999891281128,24.373140335083008
2023-03-29,3.565999984741211,24.491172790527344
2023-03-30,3.5510001182556152,24.529111862182617
2023-03-31,3.49399995803833,24.866485595703125
2023-04-03,3.430000066757202,24.853673934936523
2023-04-04,3.3369998931884766,24.791189193725586
2023-04-05,3.2869999408721924,24.80389976501465
2023-04-06,3.2880001068115234,24.83245849609375
2023-04-10,3.4149999618530273,24.80859375
2023-04-11,3.434000015258789,24.844579696655273
2023-04-12,3.4210000038146973,24.868541717529297
2023-04-13,3.4519999027252197,24.93503761291504
2023-04-14,3.5220000743865967,24.886823654174805
2023-04-17,3.5910000801086426,24.87381935119629
2023-04-18,3.572000026702881,24.896018981933594
2023-04-19,3.6019999980926514,24.818471908569336
2023-04-20,3.5450000762939453,24.786691665649414
2023-04-21,3.569999933242798,24.78522300720215
2023-04-24,3.515000104904175,24.8572940826416
2023-04-25,3.3959999084472656,24.789133071899414
2023-04-26,3.431999921798706,24.66152000427246
2023-04-27,3.5280001163482666,24.754907608032227
2023-04-28,3.4519999027252197,24.866586685180664
2023-05-01,3.5739998817443848,24.77793312072754
2023-05-02,3.438999891281128,24.679712295532227
2023-05-03,3.4030001163482666,24.59845733642578
2023-05-04,3.3510000705718994,24.549644470214844
2023-05-05,3.446000099182129,24.715410232543945
2023-05-08,3.5209999084472656,24.70693016052246
2023-05-09,3.5209999084472656,24.672515869140625
2023-05-10,3.438999891281128,24.716005325317383
2023-05-11,3.3970000743865967,24.670541763305664
2023-05-12,3.4630000591278076,24.579423904418945
2023-05-15,3.507999897003174,24.649145126342773
2023-05-16,3.5490000247955322,24.58307456970215
2023-05-17,3.5810000896453857,24.692140579223633
2023-05-18,3.6480000019073486,24.67734718322754
2023-05-19,3.691999912261963,24.651609420776367
2023-05-22,3.7190001010894775,24.643917083740234
2023-05-23,3.697999954223633,24.616899490356445
2023-05-24,3.7190001010894775,24.515329360961914
2023-05-25,3.813999891281128,24.4247989654541
2023-05-26,3.809999942779541,24.605260848999023
2023-05-30,3.700000047683716,24.57380485534668
2023-05-31,3.63700008392334,24.532093048095703
2023-06-01,3.6080000400543213,24.660133361816406
2023-06-02,3.690999984741211,24.693994522094727
2023-06-05,3.693000078201294,24.747697830200195
2023-06-06,3.6989998817443848,24.808509826660156
2023-06-07,3.7839999198913574,24.757965087890625
2023-06-08,3.7139999866485596,24.83131217956543
2023-06-09,3.744999885559082,24.794095993041992
2023-06-12,3.765000104904175,24.80988883972168
2023-06-13,3.8389999866485596,24.86369514465332
2023-06-14,3.7960000038146973,24.877809524536133
2023-06-15,3.7279999256134033,25.09450340270996
2023-06-16,3.7690000534057617,25.081077575683594
2023-06-20,3.7290000915527344,25.032705307006836
2023-06-21,3.7230000495910645,25.035369873046875
2023-06-22,3.7990000247955322,24.95659065246582
2023-06-23,3.739000082015991,24.87010955810547
2023-06-26,3.7190001010894775,24.865867614746094
2023-06-27,3.7679998874664307,24.857276916503906
2023-06-28,3.7100000381469727,24.89301109313965
2023-06-29,3.8540000915527344,24.880573272705078
2023-06-30,3.819000005722046,25.028955459594727
2023-07-03,3.8580000400543213,25.04268455505371
2023-07-05,3.944999933242798,25.141489028930664
2023-07-06,4.040999889373779,24.863691329956055
2023-07-07,4.050000190734863,24.87457847595215
2023-07-10,4.00600004196167,24.91348648071289
2023-07-11,3.9800000190734863,25.0225887298584
2023-07-12,3.8610000610351562,25.221878051757812
2023-07-13,3.760999917984009,25.34355354309082
2023-07-14,3.819000005722046,25.255640029907227
2023-07-17,3.796999931335449,25.274747848510742
2023-07-18,3.7890000343322754,25.364837646484375
2023-07-19,3.742000102996826,25.435232162475586
2023-07-20,3.8540000915527344,25.38236427307129
2023-07-21,3.8369998931884766,25.412261962890625
2023-07-24,3.8570001125335693,25.500471115112305
2023-07-25,3.9119999408721924,25.517698287963867
2023-07-26,3.8510000705718994,25.52631378173828
2023-07-27,4.01200008392334,25.398401260375977
2023-07-28,3.9690001010894775,25.52393341064453
2023-07-31,3.9590001106262207,25.54235076904297
2023-08-01,4.051000118255615,25.476699829101562
2023-08-02,4.078000068664551,25.31057357788086
2023-08-03,4.189000129699707,25.271221160888672
2023-08-04,4.059999942779541,25.33505630493164
2023-08-07,4.078000068664551,25.41405487060547
2023-08-08,4.026000022888184,25.37311553955078
2023-08-09,4.01200008392334,25.351707458496094
2023-08-10,4.079999923706055,25.28261947631836
2023-08-11,4.168000221252441,25.26120948791504
2023-08-14,4.184000015258789,25.247133255004883
2023-08-15,4.2210001945495605,25.105587005615234
2023-08-16,4.257999897003174,25.01380157470703
2023-08-17,4.308000087738037,24.99149513244629
2023-08-18,4.250999927520752,25.02668571472168
2023-08-21,4.3420000076293945,25.03421974182129
2023-08-22,4.328000068664551,25.02599334716797
2023-08-23,4.197999954223633,25.171009063720703
2023-08-24,4.235000133514404,25.05513572692871
2023-08-25,4.238999843597412,25.11212921142578
2023-08-28,4.211999893188477,25.163673400878906
2023-08-29,4.122000217437744,25.369647979736328
2023-08-30,4.118000030517578,25.367666244506836
2023-08-31,4.0929999351501465,25.413362503051758
2023-09-01,4.172999858856201,25.42405128479004
2023-09-05,4.26800012588501,25.388687133789062
2023-09-06,4.289999961853027,25.315380096435547
2023-09-07,4.260000228881836,25.342199325561523
2023-09-08,4.257999897003174,25.379549026489258
2023-09-11,4.288000106811523,25.4324951171875
2023-09-12,4.263999938964844,25.43507957458496
2023-09-13,4.249000072479248,25.458919525146484
2023-09-14,4.288000106811523,25.533123016357422
2023-09-15,4.322000026702881,25.418886184692383
2023-09-18,4.318999767303467,25.432992935180664
2023-09-19,4.364999771118164,25.383819580078125
2023-09-20,4.348999977111816,25.277729034423828
2023-09-21,4.480000019073486,25.105976104736328
2023-09-22,4.438000202178955,25.111339569091797
2023-09-25,4.541999816894531,25.056110382080078
2023-09-26,4.558000087738037,24.943265914916992
2023-09-27,4.625999927520752,24.932836532592773
2023-09-28,4.5970001220703125,25.045185089111328
2023-09-29,4.572999954223633,24.967205047607422
2023-10-02,4.683000087738037,24.846086502075195
2023-10-03,4.802000045776367,24.643213272094727
2023-10-04,4.735000133514404,24.706066131591797
2023-10-05,4.7170000076293945,24.643213272094727
2023-10-06,4.783999919891357,24.682992935180664
2023-10-09,4.796999931335449,24.798053741455078
2023-10-10,4.65500020980835,24.978849411010742
2023-10-11,4.59499979019165,25.035037994384766
2023-10-12,4.711999893188477,24.926441192626953
2023-10-13,4.629000186920166,25.040706634521484
2023-10-16,4.711999893188477,25.08834457397461
2023-10-17,4.8470001220703125,25.006595611572266
2023-10-18,4.9039998054504395,24.93131446838379
2023-10-19,4.98799991607666,24.915103912353516
2023-10-20,4.923999786376953,24.871944427490234
2023-10-23,4.8379998207092285,24.767024993896484
2023-10-24,4.840000152587891,24.797954559326172
2023-10-25,4.953000068664551,24.68746566772461
2023-10-26,4.84499979019165,24.65643882751465
2023-10-27,4.84499979019165,24.6502742767334
2023-10-30,4.875,24.678617477416992
2023-10-31,4.875,24.70437240600586
2023-11-01,4.789000034332275,24.860023498535156
2023-11-02,4.669000148773193,25.069231033325195
2023-11-03,4.558000087738037,25.17742347717285
2023-11-06,4.6620001792907715,25.14920425415039
2023-11-07,4.571000099182129,25.105226516723633
2023-11-08,4.5229997634887695,25.12357521057129
2023-11-09,4.630000114440918,24.973102569580078
2023-11-10,4.627999782562256,25.088077545166016
2023-11-13,4.631999969482422,25.128761291503906
2023-11-14,4.440999984741211,25.37715721130371
2023-11-15,4.534999847412109,25.32630157470703
2023-11-16,4.445000171661377,25.314136505126953
2023-11-17,4.440999984741211,25.38523292541504
2023-11-20,4.421999931335449,25.50180435180664
2023-11-21,4.418000221252441,25.47956657409668
2023-11-22,4.415999889373779,25.495323181152344
2023-11-24,4.4720001220703125,25.437885284423828
2023-11-27,4.388999938964844,25.448654174804688
2023-11-28,4.335999965667725,25.53112030029297
2023-11-29,4.270999908447266,25.601621627807617
2023-11-30,4.3520002365112305,25.559839248657227
2023-12-01,4.22599983215332,25.677200317382812
2023-12-04,4.288000106811523,25.593000411987305
2023-12-05,4.171000003814697,25.589000701904297
2023-12-06,4.120999813079834,25.4960994720459
2023-12-07,4.129000186920166,25.549999237060547
2023-12-08,4.244999885559082,25.58970069885254
2023-12-11,4.238999843597412,25.608800888061523
2023-12-12,4.205999851226807,25.58510971069336
2023-12-13,4.0329999923706055,25.58584976196289
2023-12-14,3.930000066757202,
2023-12-15,3.927999973297119,
2023-12-18,3.9539999961853027,
2023-12-19,3.921999931335449,
2023-12-20,3.877000093460083,
2023-12-21,3.8940000534057617,
2023-12-22,3.9010000228881836,
2023-12-26,3.885999917984009,
2023-12-27,3.7890000343322754,
2023-12-28,3.8499999046325684,
2023-12-29,3.865999937057495,
2024-01-02,3.946000099182129,
2024-01-03,3.9070000648498535,
2024-01-04,3.990999937057495,
2024-01-05,4.041999816894531,
2024-01-08,4.001999855041504,
2024-01-09,4.019000053405762,
2024-01-10,4.03000020980835,
2024-01-11,3.9769999980926514,
2024-01-12,3.950000047683716,
2024-01-16,4.065999984741211,
2024-01-17,4.105999946594238,
2024-01-18,4.144000053405762,
2024-01-19,4.145999908447266,
2024-01-22,4.093999862670898,
2024-01-23,4.142000198364258,
2024-01-24,4.177999973297119,
2024-01-25,4.131999969482422,
2024-01-26,4.159999847412109,
2024-01-29,4.091000080108643,
2024-01-30,4.059000015258789,
2024-01-31,3.9670000076293945,
2024-02-01,3.86299991607666,
2024-02-02,4.0329999923706055,
2024-02-05,4.164000034332275,
2024-02-06,4.090000152587891,
2024-02-07,4.110000133514404,
2024-02-08,4.170000076293945,
2024-02-09,4.186999797821045,
2024-02-12,4.171999931335449,
2024-02-13,4.315999984741211,
2024-02-14,4.267000198364258,
2024-02-15,4.239999771118164,
2024-02-16,4.295000076293945,
2024-02-20,4.275000095367432,
2024-02-21,4.324999809265137,
2024-02-22,4.327000141143799,
2024-02-23,4.260000228881836,
2024-02-26,4.298999786376953,
2024-02-27,4.315000057220459,
2024-02-28,4.27400016784668,
2024-02-29,4.251999855041504,
2024-03-01,4.179999828338623,
2024-03-04,4.218999862670898,
2024-03-05,4.13700008392334,
2024-03-06,4.104000091552734,
2024-03-07,4.0920000076293945,
2024-03-08,4.089000225067139,
2024-03-11,4.104000091552734,
2024-03-12,4.15500020980835,
2024-03-13,4.191999912261963,
2024-03-14,4.297999858856201,
2024-03-15,4.303999900817871,
2024-03-18,4.340000152587891,
2024-03-19,4.296999931335449,
2024-03-20,4.2729997634887695,
2024-03-21,4.270999908447266,
2024-03-22,4.2179999351501465,
2024-03-25,4.252999782562256,
2024-03-26,4.234000205993652,
2024-03-27,4.196000099182129,
2024-03-28,4.205999851226807,
2024-04-01,4.328999996185303,
2024-04-02,4.364999771118164,
2024-04-03,4.355000019073486,
2024-04-04,4.309000015258789,
2024-04-05,4.377999782562256,
2024-04-08,4.423999786376953,
2024-04-09,4.366000175476074,
2024-04-10,4.559999942779541,
2024-04-11,4.576000213623047,
2024-04-12,4.499000072479248,
2024-04-15,4.627999782562256,
2024-04-16,4.658999919891357,
2024-04-17,4.585000038146973,
2024-04-18,4.646999835968018,
2024-04-19,4.614999771118164,
2024-04-22,4.623000144958496,
2024-04-23,4.5980000495910645,
2024-04-24,4.6519999504089355,
2024-04-25,4.705999851226807,
2024-04-26,4.669000148773193,
2024-04-29,4.613999843597412,
2024-04-30,4.685999870300293,
2024-05-01,4.59499979019165,
2024-05-02,4.571000099182129,
2024-05-03,4.5,
2024-05-06,4.488999843597412,
2024-05-07,4.4629998207092285,
2024-05-08,4.492000102996826,
2024-05-09,4.448999881744385,
2024-05-10,4.504000186920166,
2024-05-13,4.480999946594238,
2024-05-14,4.445000171661377,
2024-05-15,4.355999946594238,
2024-05-16,4.376999855041504,
2024-05-17,4.420000076293945,
2024-05-20,4.436999797821045,
2024-05-21,4.414000034332275,
2024-05-22,4.434000015258789,
2024-05-23,4.474999904632568,
2024-05-24,4.4670000076293945,
2024-05-28,4.541999816894531,
2024-05-29,4.624000072479248,
2024-05-30,4.553999900817871,
2024-05-31,4.513999938964844,
2024-06-03,4.4019999504089355,
2024-06-04,4.335999965667725,
2024-06-05,4.289000034332275,
2024-06-06,4.281000137329102,
2024-06-07,4.429999828338623,
2024-06-10,4.468999862670898,
2024-06-11,4.4039998054504395,
2024-06-12,4.295000076293945,
2024-06-13,4.23799991607666,
2024-06-14,4.2129998207092285,
2024-06-17,4.2789998054504395,
2024-06-18,4.2170000076293945,
2024-06-20,4.254000186920166,
2024-06-21,4.256999969482422,
2024-06-24,4.248000144958496,
2024-06-25,4.23799991607666,
2024-06-26,4.315999984741211,
2024-06-27,4.288000106811523,
2024-06-28,4.3429999351501465,
2024-07-01,4.479000091552734,
2024-07-02,4.435999870300293,
2024-07-03,4.355000019073486,
2024-07-05,4.271999835968018,
2024-07-08,4.269000053405762,
2024-07-09,4.300000190734863,
2024-07-10,4.28000020980835,
2024-07-11,4.192999839782715,
2024-07-12,4.189000129699707,
2024-07-15,4.229000091552734,
2024-07-16,4.166999816894531,
2024-07-17,4.145999908447266,
2024-07-18,4.189000129699707,
2024-07-19,4.238999843597412,
2024-07-22,4.260000228881836,
2024-07-23,4.238999843597412,
2024-07-24,4.285999774932861,
2024-07-25,4.25600004196167,
2024-07-26,4.199999809265137,
2024-07-29,4.177999973297119,
2024-07-30,4.14300012588501,
2024-07-31,4.109000205993652,
2024-08-01,3.9760000705718994,
2024-08-02,3.7920000553131104,
2024-08-05,3.7850000858306885,
2024-08-06,3.888000011444092,
2024-08-07,3.9679999351501465,
2024-08-08,3.996999979019165,
2024-08-09,3.941999912261963,
2024-08-12,3.9089999198913574,
2024-08-13,3.8519999980926514,
2024-08-14,3.819999933242798,
2024-08-15,3.9260001182556152,
2024-08-16,3.8919999599456787,
2024-08-19,3.867000102996826,
2024-08-20,3.818000078201294,
2024-08-21,3.7780001163482666,
2024-08-22,3.861999988555908,
2024-08-23,3.806999921798706,
2024-08-26,3.818000078201294,
2024-08-27,3.8329999446868896,
2024-08-28,3.8410000801086426,
2024-08-29,3.867000102996826,
2024-08-30,3.9110000133514404,
2024-09-03,3.8440001010894775,
2024-09-04,3.7679998874664307,
2024-09-05,3.7309999465942383,
2024-09-06,3.7100000381469727,
2024-09-09,3.697000026702881,
2024-09-10,3.6459999084472656,
2024-09-11,3.6530001163482666,
2024-09-12,3.680000066757202,
2024-09-13,3.6500000953674316,
2024-09-16,3.621000051498413,
2024-09-17,3.6419999599456787,
2024-09-18,3.684999942779541,
2024-09-19,3.740000009536743,
2024-09-20,3.7279999256134033,
2024-09-23,3.739000082015991,
2024-09-24,3.7360000610351562,
2024-09-25,3.7809998989105225,
2024-09-26,3.7909998893737793,
2024-09-27,3.749000072479248,
2024-09-30,3.802000045776367,
2024-10-01,3.743000030517578,
2024-10-02,3.7850000858306885,
2024-10-03,3.8499999046325684,
2024-10-04,3.9809999465942383,
2024-10-07,4.026000022888184,
2024-10-08,4.0329999923706055,
2024-10-09,4.066999912261963,
2024-10-10,4.0960001945495605,
2024-10-11,4.072999954223633,
2024-10-14,4.0980000495910645,
2024-10-15,4.038000106811523,
2024-10-16,4.015999794006348,
2024-10-17,4.0960001945495605,
2024-10-18,4.072999954223633,
2024-10-21,4.182000160217285,
2024-10-22,4.203999996185303,
2024-10-23,4.242000102996826,
2024-10-24,4.199999809265137,
2024-10-25,4.23199987411499,
2024-10-28,4.2779998779296875,
2024-10-29,4.27400016784668,
2024-10-30,4.265999794006348,
2024-10-31,4.283999919891357,
2024-11-01,4.361000061035156,
2024-11-04,4.309000015258789,
2024-11-05,4.289000034332275,
2024-11-06,4.426000118255615,
2024-11-07,4.341000080108643,
2024-11-08,4.306000232696533,
2024-11-11,4.308000087738037,
2024-11-12,4.432000160217285,
2024-11-13,4.451000213623047,
2024-11-14,4.418000221252441,
2024-11-15,4.427999973297119,
2024-11-18,4.414000034332275,
2024-11-19,4.379000186920166,
2024-11-20,4.406000137329102,
2024-11-21,4.432000160217285,
2024-11-22,4.409999847412109,
2024-11-25,4.264999866485596,
2024-11-26,4.302000045776367,
2024-11-27,4.242000102996826,
2024-11-29,4.177999973297119,
2024-12-02,4.196000099182129,
2024-12-03,4.2230000495910645,
2024-12-04,4.179999828338623,
2024-12-05,4.179999828338623,
2024-12-06,4.151000022888184,
2024-12-09,4.198999881744385,
2024-12-10,4.2210001945495605,
2024-12-11,4.270999908447266,
2024-12-12,4.323999881744385,
2024-12-13,4.39900016784668,
2024-12-16,4.396999835968018,
2024-12-17,4.385000228881836,
2024-12-18,4.49399995803833,
2024-12-19,4.570000171661377,
2024-12-20,4.52400016784668,
2024-12-23,4.598999977111816,
2024-12-24,4.591000080108643,
2024-12-26,4.578999996185303,
2024-12-27,4.61899995803833,
2024-12-30,4.545000076293945,
2024-12-31,4.572999954223633,
2025-01-02,4.574999809265137,
2025-01-03,4.5960001945495605,
2025-01-06,4.618000030517578,
2025-01-07,4.683000087738037,
2025-01-08,4.692999839782715,
2025-01-10,4.776000022888184,
2025-01-13,4.802999973297119,
2025-01-14,4.788000106811523,
2025-01-15,4.6529998779296875,
2025-01-16,4.605999946594238,
2025-01-17,4.609000205993652,
2025-01-21,4.573999881744385,
2025-01-22,4.598999977111816,
2025-01-23,4.638000011444092,
2025-01-24,4.625999927520752,
2025-01-27,4.5279998779296875,
2025-01-28,4.551000118255615,
2025-01-29,4.554999828338623,
2025-01-30,4.51200008392334,
2025-01-31,4.568999767303467,
2025-02-03,4.543000221252441,
2025-02-04,4.513000011444092,
2025-02-05,4.421999931335449,
2025-02-06,4.440000057220459,
2025-02-07,4.486999988555908,
2025-02-10,4.493000030517578,
2025-02-11,4.5370001792907715,
2025-02-12,4.63700008392334,
2025-02-13,4.525000095367432,
2025-02-14,4.4720001220703125,
2025-02-18,4.544000148773193,
2025-02-19,4.534999847412109,
2025-02-20,4.5,
2025-02-21,4.420000076293945,
2025-02-24,4.39300012588501,
2025-02-25,4.297999858856201,
2025-02-26,4.249000072479248,
2025-02-27,4.284999847412109,
2025-02-28,4.230999946594238,
2025-03-03,4.179999828338623,
2025-03-04,4.210000038146973,
2025-03-05,4.264999866485596,
2025-03-06,4.285999774932861,
2025-03-07,4.316999912261963,
2025-03-10,4.2129998207092285,
2025-03-11,4.288000106811523,
2025-03-12,4.317999839782715,
2025-03-13,4.27400016784668,
2025-03-14,4.308000087738037,
2025-03-17,4.306000232696533,
2025-03-18,4.281000137329102,
2025-03-19,4.25600004196167,
2025-03-20,4.232999801635742,
2025-03-21,4.251999855041504,
2025-03-24,4.330999851226807,
2025-03-25,4.307000160217285,
2025-03-26,4.3379998207092285,
2025-03-27,4.36899995803833,
2025-03-28,4.255000114440918,
2025-03-31,4.245999813079834,
2025-04-01,4.156000137329102,
2025-04-02,4.196000099182129,
2025-04-03,4.054999828338623,
2025-04-04,3.984999895095825,
2025-04-07,4.15500020980835,
2025-04-08,4.26200008392334,
2025-04-09,4.400000095367432,
2025-04-10,4.394000053405762,
2025-04-11,4.493000030517578,
2025-04-14,4.363999843597412,
2025-04-15,4.322999954223633,
2025-04-16,4.2789998054504395,
2025-04-17,4.333000183105469,
2025-04-21,4.40500020980835,
2025-04-22,4.388999938964844,
2025-04-23,4.38700008392334,
2025-04-24,4.304999828338623,
2025-04-25,4.265999794006348,
2025-04-28,4.216000080108643,
2025-04-29,4.172999858856201,
2025-04-30,4.177000045776367,
2025-05-01,4.230999946594238,
2025-05-02,4.322000026702881,
2025-05-05,4.3429999351501465,
2025-05-06,4.308000087738037,
2025-05-07,4.275000095367432,
2025-05-08,4.373000144958496,
2025-05-09,4.375,
2025-05-12,4.456999778747559,
2025-05-13,4.499000072479248,
2025-05-14,4.5279998779296875,
2025-05-15,4.454999923706055,
2025-05-16,4.440999984741211,
2025-05-19,4.474999904632568,
2025-05-20,4.480999946594238,
2025-05-21,4.5960001945495605,
2025-05-22,4.552999973297119,
2025-05-23,4.508999824523926,
2025-05-27,4.434000015258789,
2025-05-28,4.4770002365112305,
2025-05-29,4.423999786376953,
2025-05-30,4.415999889373779,
2025-06-02,4.461999893188477,
2025-06-03,4.460000038146973,
2025-06-04,4.364999771118164,
2025-06-05,4.394000053405762,
2025-06-06,4.510000228881836,
2025-06-09,4.48199987411499,
2025-06-10,4.473999977111816,
2025-06-11,4.4120001792907715,
2025-06-12,4.35699987411499,
2025-06-13,4.423999786376953,
2025-06-16,4.452000141143799,
2025-06-17,4.39300012588501,
2025-06-18,4.396999835968018,
2025-06-20,4.375,
2025-06-23,4.320000171661377,
2025-06-24,4.293000221252441,
2025-06-25,4.293000221252441,
2025-06-26,4.252999782562256,
2025-06-27,4.2829999923706055,
2025-06-30,4.230000019073486,
2025-07-01,4.250999927520752,
2025-07-02,4.293000221252441,
2025-07-03,4.3480000495910645,
2025-07-07,4.394999980926514,
2025-07-08,4.414999961853027,
2025-07-09,4.3420000076293945,
2025-07-10,4.3460001945495605,
2025-07-11,4.422999858856201,
2025-07-14,4.427000045776367,
2025-07-15,4.488999843597412,
2025-07-16,4.454999923706055,
2025-07-17,4.4629998207092285,
2025-07-18,4.432000160217285,
2025-07-21,4.372000217437744,
2025-07-22,4.335999965667725,
2025-07-23,4.388000011444092,
2025-07-24,4.4079999923706055,
2025-07-25,4.386000156402588,
2025-07-28,4.420000076293945,
2025-07-29,4.329999923706055,
2025-07-30,4.375999927520752,
2025-07-31,4.360000133514404,
2025-08-01,4.21999979019165,
2025-08-04,4.199999809265137,
2025-08-05,4.196000099182129,
2025-08-06,4.21999979019165,
2025-08-07,4.24399995803833,
2025-08-08,4.284999847412109,
2025-08-11,4.2729997634887695,
2025-08-12,4.293000221252441,
2025-08-13,4.23799991607666,
2025-08-14,4.293000221252441,
2025-08-15,4.328000068664551,
2025-08-18,4.341000080108643,
2025-08-19,4.302000045776367,
2025-08-20,4.296000003814697,
2025-08-21,4.329999923706055,
2025-08-22,4.260000228881836,
2025-08-25,4.275000095367432,
2025-08-26,4.257999897003174,
2025-08-27,4.23799991607666,
2025-08-28,4.206999778747559,
2025-08-29,4.2270002365112305,
2025-09-02,4.2769999504089355,
2025-09-03,4.210999965667725,
2025-09-04,4.176000118255615,
2025-09-05,4.085999965667725,
2025-09-08,4.046000003814697,
2025-09-09,4.073999881744385,
2025-09-10,4.0320000648498535,
2025-09-11,4.011000156402588,
2025-09-12,4.060999870300293,
2025-09-15,4.033999919891357,
2025-09-16,4.026000022888184,
2025-09-17,4.076000213623047,
2025-09-18,4.104000091552734,
2025-09-19,4.138999938964844,
2025-09-22,4.14300012588501,
2025-09-23,4.119999885559082,
2025-09-24,4.146999835968018,
2025-09-25,4.171999931335449,
2025-09-26,4.186999797821045,
2025-09-29,4.140999794006348,
2025-09-30,4.1479997634887695,
2025-10-01,4.105999946594238,
2025-10-02,4.0879998207092285,
2025-10-03,4.11899995803833,
2025-10-06,4.1620001792907715,
2025-10-07,4.126999855041504,
2025-10-08,4.129000186920166,
2025-10-09,4.1479997634887695,
2025-10-10,4.051000118255615,
2025-10-13,4.051000118255615,
2025-10-14,4.021999835968018,
2025-10-15,4.046000003814697,
2025-10-16,3.9760000705718994,
2025-10-17,4.006999969482422,
2025-10-20,3.9860000610351562,
2025-10-21,3.9630000591278076,
2025-10-22,3.953000068664551,
2025-10-23,3.990999937057495,
2025-10-24,3.996999979019165,
2025-10-27,3.996999979019165,
2025-10-28,3.9830000400543213,
2025-10-29,4.058000087738037,
2025-10-30,4.0929999351501465,
2025-10-31,4.10099983215332,
2025-11-03,4.105999946594238,
2025-11-04,4.089000225067139,
2025-11-05,4.1570000648498535,
2025-11-06,4.0929999351501465,
2025-11-07,4.0929999351501465,
2025-11-10,4.110000133514404,
2025-11-11,4.119999885559082,
2025-11-12,4.065000057220459,
2025-11-13,4.111999988555908,
2025-11-14,4.1479997634887695,
2025-11-17,4.132999897003174,
2025-11-18,4.123000144958496,
2025-11-19,4.132999897003174,
2025-11-20,4.105999946594238,
2025-11-21,4.063000202178955,
2025-11-24,4.038000106811523,
2025-11-25,4.001999855041504,
2025-11-26,3.997999906539917,
2025-11-28,4.017000198364258,
2025-12-01,4.0960001945495605,
2025-12-02,4.085999965667725,
2025-12-03,4.057000160217285,
2025-12-04,4.107999801635742,
2025-12-05,4.138999938964844,
2025-12-08,4.171999931335449,
