,Correlation
Weekly_Return,0.9950195328869882
Price_to_MA20,0.7282994347973943
BB_Position,0.7108100154671275
RSI,0.4985568255307352
Price_to_MA50,0.4866638445710305
Return_Skew,0.15884312214966276
Inflation_Rate,0.14358570846352353
Inflation_Rate_QoQ,0.07644901868832299
Gold_Change,0.06160224442171775
Oil_Change,0.060672360358114366
Yield_5Y_Change,0.04530092584903456
TBill_3M_Change,0.043156116372064415
Yield_10Y_Change,0.04196313022165997
Volatility_30d,0.03285799988944933
Vol_20,0.028030409613725406
Vol_50,0.02191905557794974
Volume_MA,0.01926039103968588
Close,0.012759843756272591
Yield_Curve_10Y_5Y,0.01179336976489695
Gold_Volatility,0.0028998801455883115
Vol_Ratio,0.002652136426816496
Yield_Curve_10Y_3M,0.0012315759074969616
Crude_Oil,-0.0003610028699118023
US_CPI,-0.0013455540891775227
USD_MA,-0.005108850997696015
Oil_MA,-0.007683642176588051
USD_Volatility,-0.009763751868077809
Gold,-0.01365519881385797
Return_Kurt,-0.015543746080548536
US_3M_TBill,-0.015753547840372716
TBill_3M_MA,-0.017169724545225636
USD_Index,-0.01873214075540921
MA_20,-0.019194089131512878
MA_50,-0.02101448020680624
Gold_MA,-0.02354264803426517
Yield_10Y_MA,-0.023940268875411196
Volume,-0.024171596918622525
Yield_5Y_MA,-0.02429324823404372
US_10Y_Yield,-0.02741037823691291
US_5Y_Yield,-0.02750352120180221
Oil_Volatility,-0.038954007142347716
Volume_Ratio,-0.07296539025934802
USD_Change,-0.08867564765926556
